time_s,x=0.00mm_Al_Block,x=1.60mm_Al_Block,x=3.20mm_Al_Block,x=4.75mm_Ceramic,x=6.40mm_Silicon
0.0,25.0,25.0,25.0,25.0,25.0
1.0,120.00000000000043,117.32468606316448,114.91660717922325,108.81213295658588,101.09879993552822
2.0,119.99999999999939,119.68106968588714,119.39014099671559,118.62208426041337,117.54180416196557
3.0,119.9999999999902,119.95108356881339,119.90547688677262,119.77531293901,119.52032687866998
4.0,120.00000000000816,119.98306217684488,119.96651660141343,119.91196790259778,119.75489976886044
5.0,119.99999999999967,119.98685221649956,119.97375092208641,119.92816416400937,119.78270152038307
6.0,119.99999999999993,119.98730141133143,119.97460833254199,119.93008374255028,119.78599658074376
7.0,119.99999999999017,119.98735464983395,119.97470995270606,119.93031125073554,119.78638711085456
8.0,120.00000000001093,119.98736095966963,119.97472199672588,119.9303382149817,119.78643339643085
9.0,120.00000000000425,119.987361707504,119.9747234241767,119.93034141077861,119.78643888219284
10.0,119.9999999999955,119.98736179613121,119.97472359335316,119.93034178954068,119.78643953236325
11.0,120.00000000000351,119.98736180664244,119.97472361340951,119.93034183443363,119.78643960941906
12.0,120.00000000000114,119.98736180788556,119.97472361578446,119.93034183975362,119.78643961855296
13.0,120.00000000000654,119.9873618080358,119.97472361606762,119.93034184038517,119.78643961963579
14.0,120.0000000000067,119.98736180805533,119.97472361610355,119.93034184046213,119.78643961976539
15.0,119.99999999999642,119.98736180804792,119.97472361609906,119.93034184046478,119.78643961977772
16.0,120.00000000001323,119.98736180806145,119.9747236161104,119.9303418404724,119.78643961978045
17.0,120.00000000000047,119.98736180805334,119.97472361610521,119.93034184047156,119.78643961978419
18.0,120.00000000000654,119.98736180805713,119.9747236161077,119.93034184047288,119.78643961978433
19.0,120.0000000000009,119.98736180805463,119.97472361610671,119.93034184047285,119.786439619785
20.0,120.00000000000828,119.98736180805979,119.97472361611071,119.93034184047471,119.78643961978433
21.0,120.00000000001012,119.98736180805994,119.97472361611011,119.9303418404738,119.7864396197835
22.0,120.00000000000576,119.98736180805635,119.97472361610694,119.93034184047195,119.7864396197835
23.0,120.00000000000047,119.98736180805334,119.97472361610521,119.93034184047156,119.78643961978419
24.0,120.00000000000654,119.98736180805713,119.9747236161077,119.93034184047288,119.78643961978433
25.0,120.0000000000009,119.98736180805463,119.97472361610671,119.93034184047285,119.786439619785
26.0,120.00000000000828,119.98736180805979,119.97472361611071,119.93034184047471,119.78643961978433
27.0,120.00000000001012,119.98736180805994,119.97472361611011,119.9303418404738,119.7864396197835
28.0,120.00000000000576,119.98736180805635,119.97472361610694,119.93034184047195,119.7864396197835
29.0,120.00000000000047,119.98736180805334,119.97472361610521,119.93034184047156,119.78643961978419
30.0,120.00000000000654,119.98736180805713,119.9747236161077,119.93034184047288,119.78643961978433
31.0,120.0000000000009,119.98736180805463,119.97472361610671,119.93034184047285,119.786439619785
32.0,120.00000000000828,119.98736180805979,119.97472361611071,119.93034184047471,119.78643961978433
33.0,120.00000000001012,119.98736180805994,119.97472361611011,119.9303418404738,119.7864396197835
34.0,120.00000000000576,119.98736180805635,119.97472361610694,119.93034184047195,119.7864396197835
35.0,120.00000000000047,119.98736180805334,119.97472361610521,119.93034184047156,119.78643961978419
36.0,120.00000000000654,119.98736180805713,119.9747236161077,119.93034184047288,119.78643961978433
37.0,120.0000000000009,119.98736180805463,119.97472361610671,119.93034184047285,119.786439619785
38.0,120.00000000000828,119.98736180805979,119.97472361611071,119.93034184047471,119.78643961978433
39.0,120.00000000001012,119.98736180805994,119.97472361611011,119.9303418404738,119.7864396197835
40.0,120.00000000000576,119.98736180805635,119.97472361610694,119.93034184047195,119.7864396197835
41.0,120.00000000000047,119.98736180805334,119.97472361610521,119.93034184047156,119.78643961978419
42.0,120.00000000000654,119.98736180805713,119.9747236161077,119.93034184047288,119.78643961978433
43.0,120.0000000000009,119.98736180805463,119.97472361610671,119.93034184047285,119.786439619785
44.0,120.00000000000828,119.98736180805979,119.97472361611071,119.93034184047471,119.78643961978433
45.0,120.00000000001012,119.98736180805994,119.97472361611011,119.9303418404738,119.7864396197835
46.0,120.00000000000576,119.98736180805635,119.97472361610694,119.93034184047195,119.7864396197835
47.0,120.00000000000047,119.98736180805334,119.97472361610521,119.93034184047156,119.78643961978419
48.0,120.00000000000654,119.98736180805713,119.9747236161077,119.93034184047288,119.78643961978433
49.0,120.0000000000009,119.98736180805463,119.97472361610671,119.93034184047285,119.786439619785
50.0,120.00000000000828,119.98736180805979,119.97472361611071,119.93034184047471,119.78643961978433
51.0,120.00000000001012,119.98736180805994,119.97472361611011,119.9303418404738,119.7864396197835
52.0,120.00000000000576,119.98736180805635,119.97472361610694,119.93034184047195,119.7864396197835
53.0,120.00000000000047,119.98736180805334,119.97472361610521,119.93034184047156,119.78643961978419
54.0,120.00000000000654,119.98736180805713,119.9747236161077,119.93034184047288,119.78643961978433
55.0,120.0000000000009,119.98736180805463,119.97472361610671,119.93034184047285,119.786439619785
56.0,120.00000000000828,119.98736180805979,119.97472361611071,119.93034184047471,119.78643961978433
57.0,120.00000000001012,119.98736180805994,119.97472361611011,119.9303418404738,119.7864396197835
58.0,120.00000000000576,119.98736180805635,119.97472361610694,119.93034184047195,119.7864396197835
59.0,120.00000000000047,119.98736180805334,119.97472361610521,119.93034184047156,119.78643961978419
60.0,120.00000000000654,119.98736180805713,119.9747236161077,119.93034184047288,119.78643961978433
61.0,120.0000000000009,119.98736180805463,119.97472361610671,119.93034184047285,119.786439619785
62.0,120.00000000000828,119.98736180805979,119.97472361611071,119.93034184047471,119.78643961978433
63.0,120.00000000001012,119.98736180805994,119.97472361611011,119.9303418404738,119.7864396197835
64.0,120.00000000000576,119.98736180805635,119.97472361610694,119.93034184047195,119.7864396197835
65.0,120.00000000000047,119.98736180805334,119.97472361610521,119.93034184047156,119.78643961978419
66.0,120.00000000000654,119.98736180805713,119.9747236161077,119.93034184047288,119.78643961978433
67.0,120.0000000000009,119.98736180805463,119.97472361610671,119.93034184047285,119.786439619785
68.0,120.00000000000828,119.98736180805979,119.97472361611071,119.93034184047471,119.78643961978433
69.0,120.00000000001012,119.98736180805994,119.97472361611011,119.9303418404738,119.7864396197835
70.0,120.00000000000576,119.98736180805635,119.97472361610694,119.93034184047195,119.7864396197835
71.0,120.00000000000047,119.98736180805334,119.97472361610521,119.93034184047156,119.78643961978419
72.0,120.00000000000654,119.98736180805713,119.9747236161077,119.93034184047288,119.78643961978433
73.0,120.0000000000009,119.98736180805463,119.97472361610671,119.93034184047285,119.786439619785
74.0,120.00000000000828,119.98736180805979,119.97472361611071,119.93034184047471,119.78643961978433
75.0,120.00000000001012,119.98736180805994,119.97472361611011,119.9303418404738,119.7864396197835
76.0,120.00000000000576,119.98736180805635,119.97472361610694,119.93034184047195,119.7864396197835
77.0,120.00000000000047,119.98736180805334,119.97472361610521,119.93034184047156,119.78643961978419
78.0,120.00000000000654,119.98736180805713,119.9747236161077,119.93034184047288,119.78643961978433
79.0,120.0000000000009,119.98736180805463,119.97472361610671,119.93034184047285,119.786439619785
80.0,120.00000000000828,119.98736180805979,119.97472361611071,119.93034184047471,119.78643961978433
81.0,120.00000000001012,119.98736180805994,119.97472361611011,119.9303418404738,119.7864396197835
82.0,120.00000000000576,119.98736180805635,119.97472361610694,119.93034184047195,119.7864396197835
83.0,120.00000000000047,119.98736180805334,119.97472361610521,119.93034184047156,119.78643961978419
84.0,120.00000000000654,119.98736180805713,119.9747236161077,119.93034184047288,119.78643961978433
85.0,120.0000000000009,119.98736180805463,119.97472361610671,119.93034184047285,119.786439619785
86.0,120.00000000000828,119.98736180805979,119.97472361611071,119.93034184047471,119.78643961978433
87.0,120.00000000001012,119.98736180805994,119.97472361611011,119.9303418404738,119.7864396197835
88.0,120.00000000000576,119.98736180805635,119.97472361610694,119.93034184047195,119.7864396197835
89.0,120.00000000000047,119.98736180805334,119.97472361610521,119.93034184047156,119.78643961978419
90.0,120.00000000000654,119.98736180805713,119.9747236161077,119.93034184047288,119.78643961978433
91.0,120.0000000000009,119.98736180805463,119.97472361610671,119.93034184047285,119.786439619785
92.0,120.00000000000828,119.98736180805979,119.97472361611071,119.93034184047471,119.78643961978433
93.0,120.00000000001012,119.98736180805994,119.97472361611011,119.9303418404738,119.7864396197835
94.0,120.00000000000576,119.98736180805635,119.97472361610694,119.93034184047195,119.7864396197835
95.0,120.00000000000047,119.98736180805334,119.97472361610521,119.93034184047156,119.78643961978419
96.0,120.00000000000654,119.98736180805713,119.9747236161077,119.93034184047288,119.78643961978433
97.0,120.0000000000009,119.98736180805463,119.97472361610671,119.93034184047285,119.786439619785
98.0,120.00000000000828,119.98736180805979,119.97472361611071,119.93034184047471,119.78643961978433
99.0,120.00000000001012,119.98736180805994,119.97472361611011,119.9303418404738,119.7864396197835
100.0,120.00000000000576,119.98736180805635,119.97472361610694,119.93034184047195,119.7864396197835
101.0,120.00000000000047,119.98736180805334,119.97472361610521,119.93034184047156,119.78643961978419
102.0,120.00000000000654,119.98736180805713,119.9747236161077,119.93034184047288,119.78643961978433
103.0,120.0000000000009,119.98736180805463,119.97472361610671,119.93034184047285,119.786439619785
104.0,120.00000000000828,119.98736180805979,119.97472361611071,119.93034184047471,119.78643961978433
105.0,120.00000000001012,119.98736180805994,119.97472361611011,119.9303418404738,119.7864396197835
106.0,120.00000000000576,119.98736180805635,119.97472361610694,119.93034184047195,119.7864396197835
107.0,120.00000000000047,119.98736180805334,119.97472361610521,119.93034184047156,119.78643961978419
108.0,120.00000000000654,119.98736180805713,119.9747236161077,119.93034184047288,119.78643961978433
109.0,120.0000000000009,119.98736180805463,119.97472361610671,119.93034184047285,119.786439619785
110.0,120.00000000000828,119.98736180805979,119.97472361611071,119.93034184047471,119.78643961978433
111.0,120.00000000001012,119.98736180805994,119.97472361611011,119.9303418404738,119.7864396197835
112.0,120.00000000000576,119.98736180805635,119.97472361610694,119.93034184047195,119.7864396197835
113.0,120.00000000000047,119.98736180805334,119.97472361610521,119.93034184047156,119.78643961978419
114.0,120.00000000000654,119.98736180805713,119.9747236161077,119.93034184047288,119.78643961978433
115.0,120.0000000000009,119.98736180805463,119.97472361610671,119.93034184047285,119.786439619785
116.0,120.00000000000828,119.98736180805979,119.97472361611071,119.93034184047471,119.78643961978433
117.0,120.00000000001012,119.98736180805994,119.97472361611011,119.9303418404738,119.7864396197835
118.0,120.00000000000576,119.98736180805635,119.97472361610694,119.93034184047195,119.7864396197835
119.0,120.00000000000047,119.98736180805334,119.97472361610521,119.93034184047156,119.78643961978419
120.0,120.00000000000654,119.98736180805713,119.9747236161077,119.93034184047288,119.78643961978433
121.0,120.0000000000009,119.98736180805463,119.97472361610671,119.93034184047285,119.786439619785
122.0,120.00000000000828,119.98736180805979,119.97472361611071,119.93034184047471,119.78643961978433
123.0,120.00000000001012,119.98736180805994,119.97472361611011,119.9303418404738,119.7864396197835
124.0,120.00000000000576,119.98736180805635,119.97472361610694,119.93034184047195,119.7864396197835
125.0,120.00000000000047,119.98736180805334,119.97472361610521,119.93034184047156,119.78643961978419
126.0,120.00000000000654,119.98736180805713,119.9747236161077,119.93034184047288,119.78643961978433
127.0,120.0000000000009,119.98736180805463,119.97472361610671,119.93034184047285,119.786439619785
128.0,120.00000000000828,119.98736180805979,119.97472361611071,119.93034184047471,119.78643961978433
129.0,120.00000000001012,119.98736180805994,119.97472361611011,119.9303418404738,119.7864396197835
130.0,120.00000000000576,119.98736180805635,119.97472361610694,119.93034184047195,119.7864396197835
131.0,120.00000000000047,119.98736180805334,119.97472361610521,119.93034184047156,119.78643961978419
132.0,120.00000000000654,119.98736180805713,119.9747236161077,119.93034184047288,119.78643961978433
133.0,120.0000000000009,119.98736180805463,119.97472361610671,119.93034184047285,119.786439619785
134.0,120.00000000000828,119.98736180805979,119.97472361611071,119.93034184047471,119.78643961978433
135.0,120.00000000001012,119.98736180805994,119.97472361611011,119.9303418404738,119.7864396197835
136.0,120.00000000000576,119.98736180805635,119.97472361610694,119.93034184047195,119.7864396197835
137.0,120.00000000000047,119.98736180805334,119.97472361610521,119.93034184047156,119.78643961978419
138.0,120.00000000000654,119.98736180805713,119.9747236161077,119.93034184047288,119.78643961978433
139.0,120.0000000000009,119.98736180805463,119.97472361610671,119.93034184047285,119.786439619785
140.0,120.00000000000828,119.98736180805979,119.97472361611071,119.93034184047471,119.78643961978433
141.0,120.00000000001012,119.98736180805994,119.97472361611011,119.9303418404738,119.7864396197835
142.0,120.00000000000576,119.98736180805635,119.97472361610694,119.93034184047195,119.7864396197835
143.0,120.00000000000047,119.98736180805334,119.97472361610521,119.93034184047156,119.78643961978419
144.0,120.00000000000654,119.98736180805713,119.9747236161077,119.93034184047288,119.78643961978433
145.0,120.0000000000009,119.98736180805463,119.97472361610671,119.93034184047285,119.786439619785
146.0,120.00000000000828,119.98736180805979,119.97472361611071,119.93034184047471,119.78643961978433
147.0,120.00000000001012,119.98736180805994,119.97472361611011,119.9303418404738,119.7864396197835
148.0,120.00000000000576,119.98736180805635,119.97472361610694,119.93034184047195,119.7864396197835
149.0,120.00000000000047,119.98736180805334,119.97472361610521,119.93034184047156,119.78643961978419
150.0,120.00000000000654,119.98736180805713,119.9747236161077,119.93034184047288,119.78643961978433
151.0,120.0000000000009,119.98736180805463,119.97472361610671,119.93034184047285,119.786439619785
152.0,120.00000000000828,119.98736180805979,119.97472361611071,119.93034184047471,119.78643961978433
153.0,120.00000000001012,119.98736180805994,119.97472361611011,119.9303418404738,119.7864396197835
154.0,120.00000000000576,119.98736180805635,119.97472361610694,119.93034184047195,119.7864396197835
155.0,120.00000000000047,119.98736180805334,119.97472361610521,119.93034184047156,119.78643961978419
156.0,120.00000000000654,119.98736180805713,119.9747236161077,119.93034184047288,119.78643961978433
157.0,120.0000000000009,119.98736180805463,119.97472361610671,119.93034184047285,119.786439619785
158.0,120.00000000000828,119.98736180805979,119.97472361611071,119.93034184047471,119.78643961978433
159.0,120.00000000001012,119.98736180805994,119.97472361611011,119.9303418404738,119.7864396197835
160.0,120.00000000000576,119.98736180805635,119.97472361610694,119.93034184047195,119.7864396197835
161.0,120.00000000000047,119.98736180805334,119.97472361610521,119.93034184047156,119.78643961978419
162.0,120.00000000000654,119.98736180805713,119.9747236161077,119.93034184047288,119.78643961978433
163.0,120.0000000000009,119.98736180805463,119.97472361610671,119.93034184047285,119.786439619785
164.0,120.00000000000828,119.98736180805979,119.97472361611071,119.93034184047471,119.78643961978433
165.0,120.00000000001012,119.98736180805994,119.97472361611011,119.9303418404738,119.7864396197835
166.0,120.00000000000576,119.98736180805635,119.97472361610694,119.93034184047195,119.7864396197835
167.0,120.00000000000047,119.98736180805334,119.97472361610521,119.93034184047156,119.78643961978419
168.0,120.00000000000654,119.98736180805713,119.9747236161077,119.93034184047288,119.78643961978433
169.0,120.0000000000009,119.98736180805463,119.97472361610671,119.93034184047285,119.786439619785
170.0,120.00000000000828,119.98736180805979,119.97472361611071,119.93034184047471,119.78643961978433
171.0,120.00000000001012,119.98736180805994,119.97472361611011,119.9303418404738,119.7864396197835
172.0,120.00000000000576,119.98736180805635,119.97472361610694,119.93034184047195,119.7864396197835
173.0,120.00000000000047,119.98736180805334,119.97472361610521,119.93034184047156,119.78643961978419
174.0,120.00000000000654,119.98736180805713,119.9747236161077,119.93034184047288,119.78643961978433
175.0,120.0000000000009,119.98736180805463,119.97472361610671,119.93034184047285,119.786439619785
176.0,120.00000000000828,119.98736180805979,119.97472361611071,119.93034184047471,119.78643961978433
177.0,120.00000000001012,119.98736180805994,119.97472361611011,119.9303418404738,119.7864396197835
178.0,120.00000000000576,119.98736180805635,119.97472361610694,119.93034184047195,119.7864396197835
179.0,120.00000000000047,119.98736180805334,119.97472361610521,119.93034184047156,119.78643961978419
180.0,120.00000000000654,119.98736180805713,119.9747236161077,119.93034184047288,119.78643961978433
181.0,120.0000000000009,119.98736180805463,119.97472361610671,119.93034184047285,119.786439619785
182.0,120.00000000000828,119.98736180805979,119.97472361611071,119.93034184047471,119.78643961978433
183.0,120.00000000001012,119.98736180805994,119.97472361611011,119.9303418404738,119.7864396197835
184.0,120.00000000000576,119.98736180805635,119.97472361610694,119.93034184047195,119.7864396197835
185.0,120.00000000000047,119.98736180805334,119.97472361610521,119.93034184047156,119.78643961978419
186.0,120.00000000000654,119.98736180805713,119.9747236161077,119.93034184047288,119.78643961978433
187.0,120.0000000000009,119.98736180805463,119.97472361610671,119.93034184047285,119.786439619785
188.0,120.00000000000828,119.98736180805979,119.97472361611071,119.93034184047471,119.78643961978433
189.0,120.00000000001012,119.98736180805994,119.97472361611011,119.9303418404738,119.7864396197835
190.0,120.00000000000576,119.98736180805635,119.97472361610694,119.93034184047195,119.7864396197835
191.0,120.00000000000047,119.98736180805334,119.97472361610521,119.93034184047156,119.78643961978419
192.0,120.00000000000654,119.98736180805713,119.9747236161077,119.93034184047288,119.78643961978433
193.0,120.0000000000009,119.98736180805463,119.97472361610671,119.93034184047285,119.786439619785
194.0,120.00000000000828,119.98736180805979,119.97472361611071,119.93034184047471,119.78643961978433
195.0,120.00000000001012,119.98736180805994,119.97472361611011,119.9303418404738,119.7864396197835
196.0,120.00000000000576,119.98736180805635,119.97472361610694,119.93034184047195,119.7864396197835
197.0,120.00000000000047,119.98736180805334,119.97472361610521,119.93034184047156,119.78643961978419
198.0,120.00000000000654,119.98736180805713,119.9747236161077,119.93034184047288,119.78643961978433
199.0,120.0000000000009,119.98736180805463,119.97472361610671,119.93034184047285,119.786439619785
200.0,120.00000000000828,119.98736180805979,119.97472361611071,119.93034184047471,119.78643961978433
201.0,120.00000000001012,119.98736180805994,119.97472361611011,119.9303418404738,119.7864396197835
202.0,120.00000000000576,119.98736180805635,119.97472361610694,119.93034184047195,119.7864396197835
203.0,120.00000000000047,119.98736180805334,119.97472361610521,119.93034184047156,119.78643961978419
204.0,120.00000000000654,119.98736180805713,119.9747236161077,119.93034184047288,119.78643961978433
205.0,120.0000000000009,119.98736180805463,119.97472361610671,119.93034184047285,119.786439619785
206.0,120.00000000000828,119.98736180805979,119.97472361611071,119.93034184047471,119.78643961978433
207.0,120.00000000001012,119.98736180805994,119.97472361611011,119.9303418404738,119.7864396197835
208.0,120.00000000000576,119.98736180805635,119.97472361610694,119.93034184047195,119.7864396197835
209.0,120.00000000000047,119.98736180805334,119.97472361610521,119.93034184047156,119.78643961978419
210.0,120.00000000000654,119.98736180805713,119.9747236161077,119.93034184047288,119.78643961978433
211.0,120.0000000000009,119.98736180805463,119.97472361610671,119.93034184047285,119.786439619785
212.0,120.00000000000828,119.98736180805979,119.97472361611071,119.93034184047471,119.78643961978433
213.0,120.00000000001012,119.98736180805994,119.97472361611011,119.9303418404738,119.7864396197835
214.0,120.00000000000576,119.98736180805635,119.97472361610694,119.93034184047195,119.7864396197835
215.0,120.00000000000047,119.98736180805334,119.97472361610521,119.93034184047156,119.78643961978419
216.0,120.00000000000654,119.98736180805713,119.9747236161077,119.93034184047288,119.78643961978433
217.0,120.0000000000009,119.98736180805463,119.97472361610671,119.93034184047285,119.786439619785
218.0,120.00000000000828,119.98736180805979,119.97472361611071,119.93034184047471,119.78643961978433
219.0,120.00000000001012,119.98736180805994,119.97472361611011,119.9303418404738,119.7864396197835
220.0,120.00000000000576,119.98736180805635,119.97472361610694,119.93034184047195,119.7864396197835
221.0,120.00000000000047,119.98736180805334,119.97472361610521,119.93034184047156,119.78643961978419
222.0,120.00000000000654,119.98736180805713,119.9747236161077,119.93034184047288,119.78643961978433
223.0,120.0000000000009,119.98736180805463,119.97472361610671,119.93034184047285,119.786439619785
224.0,120.00000000000828,119.98736180805979,119.97472361611071,119.93034184047471,119.78643961978433
225.0,120.00000000001012,119.98736180805994,119.97472361611011,119.9303418404738,119.7864396197835
226.0,120.00000000000576,119.98736180805635,119.97472361610694,119.93034184047195,119.7864396197835
227.0,120.00000000000047,119.98736180805334,119.97472361610521,119.93034184047156,119.78643961978419
228.0,120.00000000000654,119.98736180805713,119.9747236161077,119.93034184047288,119.78643961978433
229.0,120.0000000000009,119.98736180805463,119.97472361610671,119.93034184047285,119.786439619785
230.0,120.00000000000828,119.98736180805979,119.97472361611071,119.93034184047471,119.78643961978433
231.0,120.00000000001012,119.98736180805994,119.97472361611011,119.9303418404738,119.7864396197835
232.0,120.00000000000576,119.98736180805635,119.97472361610694,119.93034184047195,119.7864396197835
233.0,120.00000000000047,119.98736180805334,119.97472361610521,119.93034184047156,119.78643961978419
234.0,120.00000000000654,119.98736180805713,119.9747236161077,119.93034184047288,119.78643961978433
235.0,120.0000000000009,119.98736180805463,119.97472361610671,119.93034184047285,119.786439619785
236.0,120.00000000000828,119.98736180805979,119.97472361611071,119.93034184047471,119.78643961978433
237.0,120.00000000001012,119.98736180805994,119.97472361611011,119.9303418404738,119.7864396197835
238.0,120.00000000000576,119.98736180805635,119.97472361610694,119.93034184047195,119.7864396197835
239.0,120.00000000000047,119.98736180805334,119.97472361610521,119.93034184047156,119.78643961978419
240.0,120.00000000000654,119.98736180805713,119.9747236161077,119.93034184047288,119.78643961978433
241.0,120.0000000000009,119.98736180805463,119.97472361610671,119.93034184047285,119.786439619785
242.0,120.00000000000828,119.98736180805979,119.97472361611071,119.93034184047471,119.78643961978433
243.0,120.00000000001012,119.98736180805994,119.97472361611011,119.9303418404738,119.7864396197835
244.0,120.00000000000576,119.98736180805635,119.97472361610694,119.93034184047195,119.7864396197835
245.0,120.00000000000047,119.98736180805334,119.97472361610521,119.93034184047156,119.78643961978419
246.0,120.00000000000654,119.98736180805713,119.9747236161077,119.93034184047288,119.78643961978433
247.0,120.0000000000009,119.98736180805463,119.97472361610671,119.93034184047285,119.786439619785
248.0,120.00000000000828,119.98736180805979,119.97472361611071,119.93034184047471,119.78643961978433
249.0,120.00000000001012,119.98736180805994,119.97472361611011,119.9303418404738,119.7864396197835
250.0,120.00000000000576,119.98736180805635,119.97472361610694,119.93034184047195,119.7864396197835
251.0,120.00000000000047,119.98736180805334,119.97472361610521,119.93034184047156,119.78643961978419
252.0,120.00000000000654,119.98736180805713,119.9747236161077,119.93034184047288,119.78643961978433
253.0,120.0000000000009,119.98736180805463,119.97472361610671,119.93034184047285,119.786439619785
254.0,120.00000000000828,119.98736180805979,119.97472361611071,119.93034184047471,119.78643961978433
255.0,120.00000000001012,119.98736180805994,119.97472361611011,119.9303418404738,119.7864396197835
256.0,120.00000000000576,119.98736180805635,119.97472361610694,119.93034184047195,119.7864396197835
257.0,120.00000000000047,119.98736180805334,119.97472361610521,119.93034184047156,119.78643961978419
258.0,120.00000000000654,119.98736180805713,119.9747236161077,119.93034184047288,119.78643961978433
259.0,120.0000000000009,119.98736180805463,119.97472361610671,119.93034184047285,119.786439619785
260.0,120.00000000000828,119.98736180805979,119.97472361611071,119.93034184047471,119.78643961978433
261.0,120.00000000001012,119.98736180805994,119.97472361611011,119.9303418404738,119.7864396197835
262.0,120.00000000000576,119.98736180805635,119.97472361610694,119.93034184047195,119.7864396197835
263.0,120.00000000000047,119.98736180805334,119.97472361610521,119.93034184047156,119.78643961978419
264.0,120.00000000000654,119.98736180805713,119.9747236161077,119.93034184047288,119.78643961978433
265.0,120.0000000000009,119.98736180805463,119.97472361610671,119.93034184047285,119.786439619785
266.0,120.00000000000828,119.98736180805979,119.97472361611071,119.93034184047471,119.78643961978433
267.0,120.00000000001012,119.98736180805994,119.97472361611011,119.9303418404738,119.7864396197835
268.0,120.00000000000576,119.98736180805635,119.97472361610694,119.93034184047195,119.7864396197835
269.0,120.00000000000047,119.98736180805334,119.97472361610521,119.93034184047156,119.78643961978419
270.0,120.00000000000654,119.98736180805713,119.9747236161077,119.93034184047288,119.78643961978433
271.0,120.0000000000009,119.98736180805463,119.97472361610671,119.93034184047285,119.786439619785
272.0,120.00000000000828,119.98736180805979,119.97472361611071,119.93034184047471,119.78643961978433
273.0,120.00000000001012,119.98736180805994,119.97472361611011,119.9303418404738,119.7864396197835
274.0,120.00000000000576,119.98736180805635,119.97472361610694,119.93034184047195,119.7864396197835
275.0,120.00000000000047,119.98736180805334,119.97472361610521,119.93034184047156,119.78643961978419
276.0,120.00000000000654,119.98736180805713,119.9747236161077,119.93034184047288,119.78643961978433
277.0,120.0000000000009,119.98736180805463,119.97472361610671,119.93034184047285,119.786439619785
278.0,120.00000000000828,119.98736180805979,119.97472361611071,119.93034184047471,119.78643961978433
279.0,120.00000000001012,119.98736180805994,119.97472361611011,119.9303418404738,119.7864396197835
280.0,120.00000000000576,119.98736180805635,119.97472361610694,119.93034184047195,119.7864396197835
281.0,120.00000000000047,119.98736180805334,119.97472361610521,119.93034184047156,119.78643961978419
282.0,120.00000000000654,119.98736180805713,119.9747236161077,119.93034184047288,119.78643961978433
283.0,120.0000000000009,119.98736180805463,119.97472361610671,119.93034184047285,119.786439619785
284.0,120.00000000000828,119.98736180805979,119.97472361611071,119.93034184047471,119.78643961978433
285.0,120.00000000001012,119.98736180805994,119.97472361611011,119.9303418404738,119.7864396197835
286.0,120.00000000000576,119.98736180805635,119.97472361610694,119.93034184047195,119.7864396197835
287.0,120.00000000000047,119.98736180805334,119.97472361610521,119.93034184047156,119.78643961978419
288.0,120.00000000000654,119.98736180805713,119.9747236161077,119.93034184047288,119.78643961978433
289.0,120.0000000000009,119.98736180805463,119.97472361610671,119.93034184047285,119.786439619785
290.0,120.00000000000828,119.98736180805979,119.97472361611071,119.93034184047471,119.78643961978433
291.0,120.00000000001012,119.98736180805994,119.97472361611011,119.9303418404738,119.7864396197835
292.0,120.00000000000576,119.98736180805635,119.97472361610694,119.93034184047195,119.7864396197835
293.0,120.00000000000047,119.98736180805334,119.97472361610521,119.93034184047156,119.78643961978419
294.0,120.00000000000654,119.98736180805713,119.9747236161077,119.93034184047288,119.78643961978433
295.0,120.0000000000009,119.98736180805463,119.97472361610671,119.93034184047285,119.786439619785
296.0,120.00000000000828,119.98736180805979,119.97472361611071,119.93034184047471,119.78643961978433
297.0,120.00000000001012,119.98736180805994,119.97472361611011,119.9303418404738,119.7864396197835
298.0,120.00000000000576,119.98736180805635,119.97472361610694,119.93034184047195,119.7864396197835
299.0,120.00000000000047,119.98736180805334,119.97472361610521,119.93034184047156,119.78643961978419
300.0,120.00000000000654,119.98736180805713,119.9747236161077,119.93034184047288,119.78643961978433
301.0,120.0000000000009,119.98736180805463,119.97472361610671,119.93034184047285,119.786439619785
302.0,120.00000000000828,119.98736180805979,119.97472361611071,119.93034184047471,119.78643961978433
303.0,120.00000000001012,119.98736180805994,119.97472361611011,119.9303418404738,119.7864396197835
304.0,120.00000000000576,119.98736180805635,119.97472361610694,119.93034184047195,119.7864396197835
305.0,120.00000000000047,119.98736180805334,119.97472361610521,119.93034184047156,119.78643961978419
306.0,120.00000000000654,119.98736180805713,119.9747236161077,119.93034184047288,119.78643961978433
307.0,120.0000000000009,119.98736180805463,119.97472361610671,119.93034184047285,119.786439619785
308.0,120.00000000000828,119.98736180805979,119.97472361611071,119.93034184047471,119.78643961978433
309.0,120.00000000001012,119.98736180805994,119.97472361611011,119.9303418404738,119.7864396197835
310.0,120.00000000000576,119.98736180805635,119.97472361610694,119.93034184047195,119.7864396197835
311.0,120.00000000000047,119.98736180805334,119.97472361610521,119.93034184047156,119.78643961978419
312.0,120.00000000000654,119.98736180805713,119.9747236161077,119.93034184047288,119.78643961978433
313.0,120.0000000000009,119.98736180805463,119.97472361610671,119.93034184047285,119.786439619785
314.0,120.00000000000828,119.98736180805979,119.97472361611071,119.93034184047471,119.78643961978433
315.0,120.00000000001012,119.98736180805994,119.97472361611011,119.9303418404738,119.7864396197835
316.0,120.00000000000576,119.98736180805635,119.97472361610694,119.93034184047195,119.7864396197835
317.0,120.00000000000047,119.98736180805334,119.97472361610521,119.93034184047156,119.78643961978419
318.0,120.00000000000654,119.98736180805713,119.9747236161077,119.93034184047288,119.78643961978433
319.0,120.0000000000009,119.98736180805463,119.97472361610671,119.93034184047285,119.786439619785
320.0,120.00000000000828,119.98736180805979,119.97472361611071,119.93034184047471,119.78643961978433
321.0,120.00000000001012,119.98736180805994,119.97472361611011,119.9303418404738,119.7864396197835
322.0,120.00000000000576,119.98736180805635,119.97472361610694,119.93034184047195,119.7864396197835
323.0,120.00000000000047,119.98736180805334,119.97472361610521,119.93034184047156,119.78643961978419
324.0,120.00000000000654,119.98736180805713,119.9747236161077,119.93034184047288,119.78643961978433
325.0,120.0000000000009,119.98736180805463,119.97472361610671,119.93034184047285,119.786439619785
326.0,120.00000000000828,119.98736180805979,119.97472361611071,119.93034184047471,119.78643961978433
327.0,120.00000000001012,119.98736180805994,119.97472361611011,119.9303418404738,119.7864396197835
328.0,120.00000000000576,119.98736180805635,119.97472361610694,119.93034184047195,119.7864396197835
329.0,120.00000000000047,119.98736180805334,119.97472361610521,119.93034184047156,119.78643961978419
330.0,120.00000000000654,119.98736180805713,119.9747236161077,119.93034184047288,119.78643961978433
331.0,120.0000000000009,119.98736180805463,119.97472361610671,119.93034184047285,119.786439619785
332.0,120.00000000000828,119.98736180805979,119.97472361611071,119.93034184047471,119.78643961978433
333.0,120.00000000001012,119.98736180805994,119.97472361611011,119.9303418404738,119.7864396197835
334.0,120.00000000000576,119.98736180805635,119.97472361610694,119.93034184047195,119.7864396197835
335.0,120.00000000000047,119.98736180805334,119.97472361610521,119.93034184047156,119.78643961978419
336.0,120.00000000000654,119.98736180805713,119.9747236161077,119.93034184047288,119.78643961978433
337.0,120.0000000000009,119.98736180805463,119.97472361610671,119.93034184047285,119.786439619785
338.0,120.00000000000828,119.98736180805979,119.97472361611071,119.93034184047471,119.78643961978433
339.0,120.00000000001012,119.98736180805994,119.97472361611011,119.9303418404738,119.7864396197835
340.0,120.00000000000576,119.98736180805635,119.97472361610694,119.93034184047195,119.7864396197835
341.0,120.00000000000047,119.98736180805334,119.97472361610521,119.93034184047156,119.78643961978419
342.0,120.00000000000654,119.98736180805713,119.9747236161077,119.93034184047288,119.78643961978433
343.0,120.0000000000009,119.98736180805463,119.97472361610671,119.93034184047285,119.786439619785
344.0,120.00000000000828,119.98736180805979,119.97472361611071,119.93034184047471,119.78643961978433
345.0,120.00000000001012,119.98736180805994,119.97472361611011,119.9303418404738,119.7864396197835
346.0,120.00000000000576,119.98736180805635,119.97472361610694,119.93034184047195,119.7864396197835
347.0,120.00000000000047,119.98736180805334,119.97472361610521,119.93034184047156,119.78643961978419
348.0,120.00000000000654,119.98736180805713,119.9747236161077,119.93034184047288,119.78643961978433
349.0,120.0000000000009,119.98736180805463,119.97472361610671,119.93034184047285,119.786439619785
350.0,120.00000000000828,119.98736180805979,119.97472361611071,119.93034184047471,119.78643961978433
351.0,120.00000000001012,119.98736180805994,119.97472361611011,119.9303418404738,119.7864396197835
352.0,120.00000000000576,119.98736180805635,119.97472361610694,119.93034184047195,119.7864396197835
353.0,120.00000000000047,119.98736180805334,119.97472361610521,119.93034184047156,119.78643961978419
354.0,120.00000000000654,119.98736180805713,119.9747236161077,119.93034184047288,119.78643961978433
355.0,120.0000000000009,119.98736180805463,119.97472361610671,119.93034184047285,119.786439619785
356.0,120.00000000000828,119.98736180805979,119.97472361611071,119.93034184047471,119.78643961978433
357.0,120.00000000001012,119.98736180805994,119.97472361611011,119.9303418404738,119.7864396197835
358.0,120.00000000000576,119.98736180805635,119.97472361610694,119.93034184047195,119.7864396197835
359.0,120.00000000000047,119.98736180805334,119.97472361610521,119.93034184047156,119.78643961978419
360.0,120.00000000000654,119.98736180805713,119.9747236161077,119.93034184047288,119.78643961978433
361.0,120.0000000000009,119.98736180805463,119.97472361610671,119.93034184047285,119.786439619785
362.0,120.00000000000828,119.98736180805979,119.97472361611071,119.93034184047471,119.78643961978433
363.0,120.00000000001012,119.98736180805994,119.97472361611011,119.9303418404738,119.7864396197835
364.0,120.00000000000576,119.98736180805635,119.97472361610694,119.93034184047195,119.7864396197835
365.0,120.00000000000047,119.98736180805334,119.97472361610521,119.93034184047156,119.78643961978419
366.0,120.00000000000654,119.98736180805713,119.9747236161077,119.93034184047288,119.78643961978433
367.0,120.0000000000009,119.98736180805463,119.97472361610671,119.93034184047285,119.786439619785
368.0,120.00000000000828,119.98736180805979,119.97472361611071,119.93034184047471,119.78643961978433
369.0,120.00000000001012,119.98736180805994,119.97472361611011,119.9303418404738,119.7864396197835
370.0,120.00000000000576,119.98736180805635,119.97472361610694,119.93034184047195,119.7864396197835
371.0,120.00000000000047,119.98736180805334,119.97472361610521,119.93034184047156,119.78643961978419
372.0,120.00000000000654,119.98736180805713,119.9747236161077,119.93034184047288,119.78643961978433
373.0,120.0000000000009,119.98736180805463,119.97472361610671,119.93034184047285,119.786439619785
374.0,120.00000000000828,119.98736180805979,119.97472361611071,119.93034184047471,119.78643961978433
375.0,120.00000000001012,119.98736180805994,119.97472361611011,119.9303418404738,119.7864396197835
376.0,120.00000000000576,119.98736180805635,119.97472361610694,119.93034184047195,119.7864396197835
377.0,120.00000000000047,119.98736180805334,119.97472361610521,119.93034184047156,119.78643961978419
378.0,120.00000000000654,119.98736180805713,119.9747236161077,119.93034184047288,119.78643961978433
379.0,120.0000000000009,119.98736180805463,119.97472361610671,119.93034184047285,119.786439619785
380.0,120.00000000000828,119.98736180805979,119.97472361611071,119.93034184047471,119.78643961978433
381.0,120.00000000001012,119.98736180805994,119.97472361611011,119.9303418404738,119.7864396197835
382.0,120.00000000000576,119.98736180805635,119.97472361610694,119.93034184047195,119.7864396197835
383.0,120.00000000000047,119.98736180805334,119.97472361610521,119.93034184047156,119.78643961978419
384.0,120.00000000000654,119.98736180805713,119.9747236161077,119.93034184047288,119.78643961978433
385.0,120.0000000000009,119.98736180805463,119.97472361610671,119.93034184047285,119.786439619785
386.0,120.00000000000828,119.98736180805979,119.97472361611071,119.93034184047471,119.78643961978433
387.0,120.00000000001012,119.98736180805994,119.97472361611011,119.9303418404738,119.7864396197835
388.0,120.00000000000576,119.98736180805635,119.97472361610694,119.93034184047195,119.7864396197835
389.0,120.00000000000047,119.98736180805334,119.97472361610521,119.93034184047156,119.78643961978419
390.0,120.00000000000654,119.98736180805713,119.9747236161077,119.93034184047288,119.78643961978433
391.0,120.0000000000009,119.98736180805463,119.97472361610671,119.93034184047285,119.786439619785
392.0,120.00000000000828,119.98736180805979,119.97472361611071,119.93034184047471,119.78643961978433
393.0,120.00000000001012,119.98736180805994,119.97472361611011,119.9303418404738,119.7864396197835
394.0,120.00000000000576,119.98736180805635,119.97472361610694,119.93034184047195,119.7864396197835
395.0,120.00000000000047,119.98736180805334,119.97472361610521,119.93034184047156,119.78643961978419
396.0,120.00000000000654,119.98736180805713,119.9747236161077,119.93034184047288,119.78643961978433
397.0,120.0000000000009,119.98736180805463,119.97472361610671,119.93034184047285,119.786439619785
398.0,120.00000000000828,119.98736180805979,119.97472361611071,119.93034184047471,119.78643961978433
399.0,120.00000000001012,119.98736180805994,119.97472361611011,119.9303418404738,119.7864396197835
400.0,120.00000000000576,119.98736180805635,119.97472361610694,119.93034184047195,119.7864396197835
401.0,120.00000000000047,119.98736180805334,119.97472361610521,119.93034184047156,119.78643961978419
402.0,120.00000000000654,119.98736180805713,119.9747236161077,119.93034184047288,119.78643961978433
403.0,120.0000000000009,119.98736180805463,119.97472361610671,119.93034184047285,119.786439619785
404.0,120.00000000000828,119.98736180805979,119.97472361611071,119.93034184047471,119.78643961978433
405.0,120.00000000001012,119.98736180805994,119.97472361611011,119.9303418404738,119.7864396197835
406.0,120.00000000000576,119.98736180805635,119.97472361610694,119.93034184047195,119.7864396197835
407.0,120.00000000000047,119.98736180805334,119.97472361610521,119.93034184047156,119.78643961978419
408.0,120.00000000000654,119.98736180805713,119.9747236161077,119.93034184047288,119.78643961978433
409.0,120.0000000000009,119.98736180805463,119.97472361610671,119.93034184047285,119.786439619785
410.0,120.00000000000828,119.98736180805979,119.97472361611071,119.93034184047471,119.78643961978433
411.0,120.00000000001012,119.98736180805994,119.97472361611011,119.9303418404738,119.7864396197835
412.0,120.00000000000576,119.98736180805635,119.97472361610694,119.93034184047195,119.7864396197835
413.0,120.00000000000047,119.98736180805334,119.97472361610521,119.93034184047156,119.78643961978419
414.0,120.00000000000654,119.98736180805713,119.9747236161077,119.93034184047288,119.78643961978433
415.0,120.0000000000009,119.98736180805463,119.97472361610671,119.93034184047285,119.786439619785
416.0,120.00000000000828,119.98736180805979,119.97472361611071,119.93034184047471,119.78643961978433
417.0,120.00000000001012,119.98736180805994,119.97472361611011,119.9303418404738,119.7864396197835
418.0,120.00000000000576,119.98736180805635,119.97472361610694,119.93034184047195,119.7864396197835
419.0,120.00000000000047,119.98736180805334,119.97472361610521,119.93034184047156,119.78643961978419
420.0,120.00000000000654,119.98736180805713,119.9747236161077,119.93034184047288,119.78643961978433
421.0,120.0000000000009,119.98736180805463,119.97472361610671,119.93034184047285,119.786439619785
422.0,120.00000000000828,119.98736180805979,119.97472361611071,119.93034184047471,119.78643961978433
423.0,120.00000000001012,119.98736180805994,119.97472361611011,119.9303418404738,119.7864396197835
424.0,120.00000000000576,119.98736180805635,119.97472361610694,119.93034184047195,119.7864396197835
425.0,120.00000000000047,119.98736180805334,119.97472361610521,119.93034184047156,119.78643961978419
426.0,120.00000000000654,119.98736180805713,119.9747236161077,119.93034184047288,119.78643961978433
427.0,120.0000000000009,119.98736180805463,119.97472361610671,119.93034184047285,119.786439619785
428.0,120.00000000000828,119.98736180805979,119.97472361611071,119.93034184047471,119.78643961978433
429.0,120.00000000001012,119.98736180805994,119.97472361611011,119.9303418404738,119.7864396197835
430.0,120.00000000000576,119.98736180805635,119.97472361610694,119.93034184047195,119.7864396197835
431.0,120.00000000000047,119.98736180805334,119.97472361610521,119.93034184047156,119.78643961978419
432.0,120.00000000000654,119.98736180805713,119.9747236161077,119.93034184047288,119.78643961978433
433.0,120.0000000000009,119.98736180805463,119.97472361610671,119.93034184047285,119.786439619785
434.0,120.00000000000828,119.98736180805979,119.97472361611071,119.93034184047471,119.78643961978433
435.0,120.00000000001012,119.98736180805994,119.97472361611011,119.9303418404738,119.7864396197835
436.0,120.00000000000576,119.98736180805635,119.97472361610694,119.93034184047195,119.7864396197835
437.0,120.00000000000047,119.98736180805334,119.97472361610521,119.93034184047156,119.78643961978419
438.0,120.00000000000654,119.98736180805713,119.9747236161077,119.93034184047288,119.78643961978433
439.0,120.0000000000009,119.98736180805463,119.97472361610671,119.93034184047285,119.786439619785
440.0,120.00000000000828,119.98736180805979,119.97472361611071,119.93034184047471,119.78643961978433
441.0,120.00000000001012,119.98736180805994,119.97472361611011,119.9303418404738,119.7864396197835
442.0,120.00000000000576,119.98736180805635,119.97472361610694,119.93034184047195,119.7864396197835
443.0,120.00000000000047,119.98736180805334,119.97472361610521,119.93034184047156,119.78643961978419
444.0,120.00000000000654,119.98736180805713,119.9747236161077,119.93034184047288,119.78643961978433
445.0,120.0000000000009,119.98736180805463,119.97472361610671,119.93034184047285,119.786439619785
446.0,120.00000000000828,119.98736180805979,119.97472361611071,119.93034184047471,119.78643961978433
447.0,120.00000000001012,119.98736180805994,119.97472361611011,119.9303418404738,119.7864396197835
448.0,120.00000000000576,119.98736180805635,119.97472361610694,119.93034184047195,119.7864396197835
449.0,120.00000000000047,119.98736180805334,119.97472361610521,119.93034184047156,119.78643961978419
450.0,120.00000000000654,119.98736180805713,119.9747236161077,119.93034184047288,119.78643961978433
451.0,120.0000000000009,119.98736180805463,119.97472361610671,119.93034184047285,119.786439619785
452.0,120.00000000000828,119.98736180805979,119.97472361611071,119.93034184047471,119.78643961978433
453.0,120.00000000001012,119.98736180805994,119.97472361611011,119.9303418404738,119.7864396197835
454.0,120.00000000000576,119.98736180805635,119.97472361610694,119.93034184047195,119.7864396197835
455.0,120.00000000000047,119.98736180805334,119.97472361610521,119.93034184047156,119.78643961978419
456.0,120.00000000000654,119.98736180805713,119.9747236161077,119.93034184047288,119.78643961978433
457.0,120.0000000000009,119.98736180805463,119.97472361610671,119.93034184047285,119.786439619785
458.0,120.00000000000828,119.98736180805979,119.97472361611071,119.93034184047471,119.78643961978433
459.0,120.00000000001012,119.98736180805994,119.97472361611011,119.9303418404738,119.7864396197835
460.0,120.00000000000576,119.98736180805635,119.97472361610694,119.93034184047195,119.7864396197835
461.0,120.00000000000047,119.98736180805334,119.97472361610521,119.93034184047156,119.78643961978419
462.0,120.00000000000654,119.98736180805713,119.9747236161077,119.93034184047288,119.78643961978433
463.0,120.0000000000009,119.98736180805463,119.97472361610671,119.93034184047285,119.786439619785
464.0,120.00000000000828,119.98736180805979,119.97472361611071,119.93034184047471,119.78643961978433
465.0,120.00000000001012,119.98736180805994,119.97472361611011,119.9303418404738,119.7864396197835
466.0,120.00000000000576,119.98736180805635,119.97472361610694,119.93034184047195,119.7864396197835
467.0,120.00000000000047,119.98736180805334,119.97472361610521,119.93034184047156,119.78643961978419
468.0,120.00000000000654,119.98736180805713,119.9747236161077,119.93034184047288,119.78643961978433
469.0,120.0000000000009,119.98736180805463,119.97472361610671,119.93034184047285,119.786439619785
470.0,120.00000000000828,119.98736180805979,119.97472361611071,119.93034184047471,119.78643961978433
471.0,120.00000000001012,119.98736180805994,119.97472361611011,119.9303418404738,119.7864396197835
472.0,120.00000000000576,119.98736180805635,119.97472361610694,119.93034184047195,119.7864396197835
473.0,120.00000000000047,119.98736180805334,119.97472361610521,119.93034184047156,119.78643961978419
474.0,120.00000000000654,119.98736180805713,119.9747236161077,119.93034184047288,119.78643961978433
475.0,120.0000000000009,119.98736180805463,119.97472361610671,119.93034184047285,119.786439619785
476.0,120.00000000000828,119.98736180805979,119.97472361611071,119.93034184047471,119.78643961978433
477.0,120.00000000001012,119.98736180805994,119.97472361611011,119.9303418404738,119.7864396197835
478.0,120.00000000000576,119.98736180805635,119.97472361610694,119.93034184047195,119.7864396197835
479.0,120.00000000000047,119.98736180805334,119.97472361610521,119.93034184047156,119.78643961978419
480.0,120.00000000000654,119.98736180805713,119.9747236161077,119.93034184047288,119.78643961978433
481.0,120.0000000000009,119.98736180805463,119.97472361610671,119.93034184047285,119.786439619785
482.0,120.00000000000828,119.98736180805979,119.97472361611071,119.93034184047471,119.78643961978433
483.0,120.00000000001012,119.98736180805994,119.97472361611011,119.9303418404738,119.7864396197835
484.0,120.00000000000576,119.98736180805635,119.97472361610694,119.93034184047195,119.7864396197835
485.0,120.00000000000047,119.98736180805334,119.97472361610521,119.93034184047156,119.78643961978419
486.0,120.00000000000654,119.98736180805713,119.9747236161077,119.93034184047288,119.78643961978433
487.0,120.0000000000009,119.98736180805463,119.97472361610671,119.93034184047285,119.786439619785
488.0,120.00000000000828,119.98736180805979,119.97472361611071,119.93034184047471,119.78643961978433
489.0,120.00000000001012,119.98736180805994,119.97472361611011,119.9303418404738,119.7864396197835
490.0,120.00000000000576,119.98736180805635,119.97472361610694,119.93034184047195,119.7864396197835
491.0,120.00000000000047,119.98736180805334,119.97472361610521,119.93034184047156,119.78643961978419
492.0,120.00000000000654,119.98736180805713,119.9747236161077,119.93034184047288,119.78643961978433
493.0,120.0000000000009,119.98736180805463,119.97472361610671,119.93034184047285,119.786439619785
494.0,120.00000000000828,119.98736180805979,119.97472361611071,119.93034184047471,119.78643961978433
495.0,120.00000000001012,119.98736180805994,119.97472361611011,119.9303418404738,119.7864396197835
496.0,120.00000000000576,119.98736180805635,119.97472361610694,119.93034184047195,119.7864396197835
497.0,120.00000000000047,119.98736180805334,119.97472361610521,119.93034184047156,119.78643961978419
498.0,120.00000000000654,119.98736180805713,119.9747236161077,119.93034184047288,119.78643961978433
499.0,120.0000000000009,119.98736180805463,119.97472361610671,119.93034184047285,119.786439619785
500.0,120.00000000000828,119.98736180805979,119.97472361611071,119.93034184047471,119.78643961978433
501.0,120.00000000001012,119.98736180805994,119.97472361611011,119.9303418404738,119.7864396197835
502.0,120.00000000000576,119.98736180805635,119.97472361610694,119.93034184047195,119.7864396197835
503.0,120.00000000000047,119.98736180805334,119.97472361610521,119.93034184047156,119.78643961978419
504.0,120.00000000000654,119.98736180805713,119.9747236161077,119.93034184047288,119.78643961978433
505.0,120.0000000000009,119.98736180805463,119.97472361610671,119.93034184047285,119.786439619785
506.0,120.00000000000828,119.98736180805979,119.97472361611071,119.93034184047471,119.78643961978433
507.0,120.00000000001012,119.98736180805994,119.97472361611011,119.9303418404738,119.7864396197835
508.0,120.00000000000576,119.98736180805635,119.97472361610694,119.93034184047195,119.7864396197835
509.0,120.00000000000047,119.98736180805334,119.97472361610521,119.93034184047156,119.78643961978419
510.0,120.00000000000654,119.98736180805713,119.9747236161077,119.93034184047288,119.78643961978433
511.0,120.0000000000009,119.98736180805463,119.97472361610671,119.93034184047285,119.786439619785
512.0,120.00000000000828,119.98736180805979,119.97472361611071,119.93034184047471,119.78643961978433
513.0,120.00000000001012,119.98736180805994,119.97472361611011,119.9303418404738,119.7864396197835
514.0,120.00000000000576,119.98736180805635,119.97472361610694,119.93034184047195,119.7864396197835
515.0,120.00000000000047,119.98736180805334,119.97472361610521,119.93034184047156,119.78643961978419
516.0,120.00000000000654,119.98736180805713,119.9747236161077,119.93034184047288,119.78643961978433
517.0,120.0000000000009,119.98736180805463,119.97472361610671,119.93034184047285,119.786439619785
518.0,120.00000000000828,119.98736180805979,119.97472361611071,119.93034184047471,119.78643961978433
519.0,120.00000000001012,119.98736180805994,119.97472361611011,119.9303418404738,119.7864396197835
520.0,120.00000000000576,119.98736180805635,119.97472361610694,119.93034184047195,119.7864396197835
521.0,120.00000000000047,119.98736180805334,119.97472361610521,119.93034184047156,119.78643961978419
522.0,120.00000000000654,119.98736180805713,119.9747236161077,119.93034184047288,119.78643961978433
523.0,120.0000000000009,119.98736180805463,119.97472361610671,119.93034184047285,119.786439619785
524.0,120.00000000000828,119.98736180805979,119.97472361611071,119.93034184047471,119.78643961978433
525.0,120.00000000001012,119.98736180805994,119.97472361611011,119.9303418404738,119.7864396197835
526.0,120.00000000000576,119.98736180805635,119.97472361610694,119.93034184047195,119.7864396197835
527.0,120.00000000000047,119.98736180805334,119.97472361610521,119.93034184047156,119.78643961978419
528.0,120.00000000000654,119.98736180805713,119.9747236161077,119.93034184047288,119.78643961978433
529.0,120.0000000000009,119.98736180805463,119.97472361610671,119.93034184047285,119.786439619785
530.0,120.00000000000828,119.98736180805979,119.97472361611071,119.93034184047471,119.78643961978433
531.0,120.00000000001012,119.98736180805994,119.97472361611011,119.9303418404738,119.7864396197835
532.0,120.00000000000576,119.98736180805635,119.97472361610694,119.93034184047195,119.7864396197835
533.0,120.00000000000047,119.98736180805334,119.97472361610521,119.93034184047156,119.78643961978419
534.0,120.00000000000654,119.98736180805713,119.9747236161077,119.93034184047288,119.78643961978433
535.0,120.0000000000009,119.98736180805463,119.97472361610671,119.93034184047285,119.786439619785
536.0,120.00000000000828,119.98736180805979,119.97472361611071,119.93034184047471,119.78643961978433
537.0,120.00000000001012,119.98736180805994,119.97472361611011,119.9303418404738,119.7864396197835
538.0,120.00000000000576,119.98736180805635,119.97472361610694,119.93034184047195,119.7864396197835
539.0,120.00000000000047,119.98736180805334,119.97472361610521,119.93034184047156,119.78643961978419
540.0,120.00000000000654,119.98736180805713,119.9747236161077,119.93034184047288,119.78643961978433
541.0,120.0000000000009,119.98736180805463,119.97472361610671,119.93034184047285,119.786439619785
542.0,120.00000000000828,119.98736180805979,119.97472361611071,119.93034184047471,119.78643961978433
543.0,120.00000000001012,119.98736180805994,119.97472361611011,119.9303418404738,119.7864396197835
544.0,120.00000000000576,119.98736180805635,119.97472361610694,119.93034184047195,119.7864396197835
545.0,120.00000000000047,119.98736180805334,119.97472361610521,119.93034184047156,119.78643961978419
546.0,120.00000000000654,119.98736180805713,119.9747236161077,119.93034184047288,119.78643961978433
547.0,120.0000000000009,119.98736180805463,119.97472361610671,119.93034184047285,119.786439619785
548.0,120.00000000000828,119.98736180805979,119.97472361611071,119.93034184047471,119.78643961978433
549.0,120.00000000001012,119.98736180805994,119.97472361611011,119.9303418404738,119.7864396197835
550.0,120.00000000000576,119.98736180805635,119.97472361610694,119.93034184047195,119.7864396197835
551.0,120.00000000000047,119.98736180805334,119.97472361610521,119.93034184047156,119.78643961978419
552.0,120.00000000000654,119.98736180805713,119.9747236161077,119.93034184047288,119.78643961978433
553.0,120.0000000000009,119.98736180805463,119.97472361610671,119.93034184047285,119.786439619785
554.0,120.00000000000828,119.98736180805979,119.97472361611071,119.93034184047471,119.78643961978433
555.0,120.00000000001012,119.98736180805994,119.97472361611011,119.9303418404738,119.7864396197835
556.0,120.00000000000576,119.98736180805635,119.97472361610694,119.93034184047195,119.7864396197835
557.0,120.00000000000047,119.98736180805334,119.97472361610521,119.93034184047156,119.78643961978419
558.0,120.00000000000654,119.98736180805713,119.9747236161077,119.93034184047288,119.78643961978433
559.0,120.0000000000009,119.98736180805463,119.97472361610671,119.93034184047285,119.786439619785
560.0,120.00000000000828,119.98736180805979,119.97472361611071,119.93034184047471,119.78643961978433
561.0,120.00000000001012,119.98736180805994,119.97472361611011,119.9303418404738,119.7864396197835
562.0,120.00000000000576,119.98736180805635,119.97472361610694,119.93034184047195,119.7864396197835
563.0,120.00000000000047,119.98736180805334,119.97472361610521,119.93034184047156,119.78643961978419
564.0,120.00000000000654,119.98736180805713,119.9747236161077,119.93034184047288,119.78643961978433
565.0,120.0000000000009,119.98736180805463,119.97472361610671,119.93034184047285,119.786439619785
566.0,120.00000000000828,119.98736180805979,119.97472361611071,119.93034184047471,119.78643961978433
567.0,120.00000000001012,119.98736180805994,119.97472361611011,119.9303418404738,119.7864396197835
568.0,120.00000000000576,119.98736180805635,119.97472361610694,119.93034184047195,119.7864396197835
569.0,120.00000000000047,119.98736180805334,119.97472361610521,119.93034184047156,119.78643961978419
570.0,120.00000000000654,119.98736180805713,119.9747236161077,119.93034184047288,119.78643961978433
571.0,120.0000000000009,119.98736180805463,119.97472361610671,119.93034184047285,119.786439619785
572.0,120.00000000000828,119.98736180805979,119.97472361611071,119.93034184047471,119.78643961978433
573.0,120.00000000001012,119.98736180805994,119.97472361611011,119.9303418404738,119.7864396197835
574.0,120.00000000000576,119.98736180805635,119.97472361610694,119.93034184047195,119.7864396197835
575.0,120.00000000000047,119.98736180805334,119.97472361610521,119.93034184047156,119.78643961978419
576.0,120.00000000000654,119.98736180805713,119.9747236161077,119.93034184047288,119.78643961978433
577.0,120.0000000000009,119.98736180805463,119.97472361610671,119.93034184047285,119.786439619785
578.0,120.00000000000828,119.98736180805979,119.97472361611071,119.93034184047471,119.78643961978433
579.0,120.00000000001012,119.98736180805994,119.97472361611011,119.9303418404738,119.7864396197835
580.0,120.00000000000576,119.98736180805635,119.97472361610694,119.93034184047195,119.7864396197835
581.0,120.00000000000047,119.98736180805334,119.97472361610521,119.93034184047156,119.78643961978419
582.0,120.00000000000654,119.98736180805713,119.9747236161077,119.93034184047288,119.78643961978433
583.0,120.0000000000009,119.98736180805463,119.97472361610671,119.93034184047285,119.786439619785
584.0,120.00000000000828,119.98736180805979,119.97472361611071,119.93034184047471,119.78643961978433
585.0,120.00000000001012,119.98736180805994,119.97472361611011,119.9303418404738,119.7864396197835
586.0,120.00000000000576,119.98736180805635,119.97472361610694,119.93034184047195,119.7864396197835
587.0,120.00000000000047,119.98736180805334,119.97472361610521,119.93034184047156,119.78643961978419
588.0,120.00000000000654,119.98736180805713,119.9747236161077,119.93034184047288,119.78643961978433
589.0,120.0000000000009,119.98736180805463,119.97472361610671,119.93034184047285,119.786439619785
590.0,120.00000000000828,119.98736180805979,119.97472361611071,119.93034184047471,119.78643961978433
591.0,120.00000000001012,119.98736180805994,119.97472361611011,119.9303418404738,119.7864396197835
592.0,120.00000000000576,119.98736180805635,119.97472361610694,119.93034184047195,119.7864396197835
593.0,120.00000000000047,119.98736180805334,119.97472361610521,119.93034184047156,119.78643961978419
594.0,120.00000000000654,119.98736180805713,119.9747236161077,119.93034184047288,119.78643961978433
595.0,120.0000000000009,119.98736180805463,119.97472361610671,119.93034184047285,119.786439619785
596.0,120.00000000000828,119.98736180805979,119.97472361611071,119.93034184047471,119.78643961978433
597.0,120.00000000001012,119.98736180805994,119.97472361611011,119.9303418404738,119.7864396197835
598.0,120.00000000000576,119.98736180805635,119.97472361610694,119.93034184047195,119.7864396197835
599.0,120.00000000000047,119.98736180805334,119.97472361610521,119.93034184047156,119.78643961978419
600.0,120.00000000000654,119.98736180805713,119.9747236161077,119.93034184047288,119.78643961978433
